date,open,high,low,close,volume
2025-11-11,9.02299976348877,9.0600004196167,9.010000228881836,9.055000305175781,65900
2025-11-12,9.005000114440918,9.039999961853027,9.0,9.020000457763672,72000
2025-11-13,9.0,9.029999732971191,9.0,9.015000343322754,62800
2025-11-14,9.0,9.029999732971191,8.970000267028809,8.989999771118164,164100
2025-11-17,9.03499984741211,9.039999961853027,9.010000228881836,9.024999618530273,27100
2025-11-18,9.039999961853027,9.039999961853027,8.989999771118164,9.0,12400
2025-11-19,8.970000267028809,9.029999732971191,8.970000267028809,9.0,51600
2025-11-20,8.890000343322754,9.0,8.890000343322754,9.0,30900
2025-11-21,9.0600004196167,9.0600004196167,8.989999771118164,9.010000228881836,116100
2025-11-24,9.0,9.03499984741211,8.989999771118164,9.003999710083008,138400
2025-11-25,9.119999885559082,9.119999885559082,9.0,9.029999732971191,213400
2025-11-26,9.029999732971191,9.069999694824219,9.001999855041504,9.0600004196167,52900
2025-11-28,9.020000457763672,9.038000106811523,9.010000228881836,9.029999732971191,3500
2025-12-01,9.029999732971191,9.029999732971191,8.979999542236328,9.010000228881836,32400
2025-12-02,9.0,9.010000228881836,8.979999542236328,9.010000228881836,118000
2025-12-03,9.0,9.020000457763672,8.970000267028809,8.970000267028809,83900
2025-12-04,9.039999961853027,9.039999961853027,8.960000038146973,8.984999656677246,101000
2025-12-05,8.930000305175781,9.0,8.930000305175781,8.98799991607666,101000
2025-12-08,9.0,9.0,8.960000038146973,9.0,79400
2025-12-09,9.0,9.010000228881836,8.960000038146973,8.989999771118164,47600
2025-12-10,8.982999801635742,9.0,8.960000038146973,8.991999626159668,87200
2025-12-11,8.949999809265137,9.020000457763672,8.949999809265137,9.0,84100
2025-12-12,8.949999809265137,9.010000228881836,8.949999809265137,8.979999542236328,82900
2025-12-15,8.982999801635742,9.0,8.960000038146973,9.0,123900
2025-12-16,9.020000457763672,9.020000457763672,8.979999542236328,8.994999885559082,24300
2025-12-17,8.960000038146973,9.010000228881836,8.960000038146973,8.994999885559082,54500
2025-12-18,8.989999771118164,9.020000457763672,8.982000350952148,9.010000228881836,56800
2025-12-19,8.979999542236328,8.979999542236328,8.9399995803833,8.960000038146973,101700
2025-12-22,8.96500015258789,9.0,8.949999809265137,8.960000038146973,570300
2025-12-23,9.039999961853027,9.039999961853027,8.970000267028809,8.979999542236328,247200
2025-12-24,8.960000038146973,9.010000228881836,8.949999809265137,8.989999771118164,51800
2025-12-26,8.989999771118164,9.029999732971191,8.989999771118164,9.005000114440918,94000
2025-12-29,8.979999542236328,9.00100040435791,8.960000038146973,9.0,163800
2025-12-30,9.0,9.010000228881836,8.989999771118164,9.0,39700
2025-12-31,9.0,9.020000457763672,8.970000267028809,9.010000228881836,147900
2026-01-02,9.020000457763672,9.020000457763672,8.972000122070312,9.01200008392334,58000
2026-01-05,9.020000457763672,9.039999961853027,9.019000053405762,9.029999732971191,89400
2026-01-06,8.989999771118164,9.039999961853027,8.989999771118164,9.024999618530273,159200
2026-01-07,9.020000457763672,9.0600004196167,9.020000457763672,9.039999961853027,191000
2026-01-08,9.069999694824219,9.069999694824219,9.029999732971191,9.039999961853027,128300
2026-01-09,9.039999961853027,9.0600004196167,9.039999961853027,9.039999961853027,49900
2026-01-12,9.020000457763672,9.065999984741211,9.020000457763672,9.029999732971191,138500
2026-01-13,9.039999961853027,9.0600004196167,9.020000457763672,9.029999732971191,56300
2026-01-14,9.050000190734863,9.069999694824219,9.039999961853027,9.055000305175781,36000
2026-01-15,9.079999923706055,9.100000381469727,9.039999961853027,9.050000190734863,59800
2026-01-16,9.020000457763672,9.0600004196167,9.020000457763672,9.050000190734863,37800
2026-01-20,9.0600004196167,9.0600004196167,9.0,9.0,127000
2026-01-21,8.989999771118164,9.050000190734863,8.989999771118164,9.029999732971191,60000
2026-01-22,9.029999732971191,9.039999961853027,9.010000228881836,9.039999961853027,137400
2026-01-23,9.09000015258789,9.09000015258789,9.0,9.029999732971191,136900
2026-01-26,9.100000381469727,9.100000381469727,9.020000457763672,9.039999961853027,37500
2026-01-27,9.039999961853027,9.050000190734863,9.020000457763672,9.039999961853027,57800
2026-01-28,9.119999885559082,9.119999885559082,9.03499984741211,9.039999961853027,66300
2026-01-29,9.039999961853027,9.0600004196167,9.029999732971191,9.039999961853027,30000
2026-01-30,9.039999961853027,9.072999954223633,9.039999961853027,9.039999961853027,22800
2026-02-02,9.039999961853027,9.039999961853027,9.010000228881836,9.029999732971191,579000
2026-02-03,9.039999961853027,9.100000381469727,9.029999732971191,9.039999961853027,68100
2026-02-04,9.069999694824219,9.069999694824219,9.020000457763672,9.050000190734863,63500
2026-02-05,9.09000015258789,9.09000015258789,9.050000190734863,9.0600004196167,70700
2026-02-06,9.041000366210938,9.069999694824219,9.041000366210938,9.045000076293945,31900
2026-02-09,9.100000381469727,9.100000381469727,9.039999961853027,9.0600004196167,34900
2026-02-10,9.09000015258789,9.09000015258789,9.0600004196167,9.0649995803833,103000
2026-02-11,9.079999923706055,9.079999923706055,9.039999961853027,9.050000190734863,103800
2026-02-12,9.060999870300293,9.09000015258789,9.050000190734863,9.069999694824219,56400
2026-02-13,9.079999923706055,9.09000015258789,9.069999694824219,9.069999694824219,70600
2026-02-17,9.09000015258789,9.09000015258789,9.0600004196167,9.079999923706055,130900
2026-02-18,9.039999961853027,9.09000015258789,9.039999961853027,9.09000015258789,139200
2026-02-19,9.09000015258789,9.100000381469727,9.079999923706055,9.079999923706055,86700
2026-02-20,9.109999656677246,9.109999656677246,9.069999694824219,9.100000381469727,23600
2026-02-23,9.119999885559082,9.119999885559082,9.09000015258789,9.095000267028809,82200
2026-02-24,9.088000297546387,9.119999885559082,9.088000297546387,9.109999656677246,62300
2026-02-25,9.130000114440918,9.130000114440918,9.09000015258789,9.095000267028809,62300
2026-02-26,9.119999885559082,9.145000457763672,9.100000381469727,9.140000343322754,74300
2026-02-27,9.149999618530273,9.210000038146973,9.119999885559082,9.130000114440918,140700
2026-03-02,9.149999618530273,9.149999618530273,9.0600004196167,9.098999977111816,62500
2026-03-03,9.079999923706055,9.09000015258789,9.039999961853027,9.0649995803833,102100
2026-03-04,9.079999923706055,9.079999923706055,9.026000022888184,9.0600004196167,44300
2026-03-05,9.0600004196167,9.069999694824219,9.029999732971191,9.0600004196167,40300
2026-03-06,9.038000106811523,9.050000190734863,9.010000228881836,9.03499984741211,54700
2026-03-09,9.050000190734863,9.069999694824219,9.029999732971191,9.0600004196167,163600
2026-03-10,9.050000190734863,9.050000190734863,9.020000457763672,9.031000137329102,124600
2026-03-11,9.0,9.050000190734863,9.0,9.029999732971191,58200
2026-03-12,9.029999732971191,9.039999961853027,8.989999771118164,9.0,64200
2026-03-13,9.020000457763672,9.039999961853027,9.001999855041504,9.020000457763672,146900
2026-03-16,9.050000190734863,9.050000190734863,9.010000228881836,9.050000190734863,79000
2026-03-17,9.039999961853027,9.039999961853027,9.020000457763672,9.029999732971191,85600
2026-03-18,8.119999885559082,9.039999961853027,8.119999885559082,9.029999732971191,90500
2026-03-19,9.029999732971191,9.029999732971191,8.970000267028809,8.979999542236328,274900
2026-03-20,8.989999771118164,9.0,8.920000076293945,8.930000305175781,82400
2026-03-23,8.930000305175781,8.98799991607666,8.930000305175781,8.949999809265137,103100
2026-03-24,8.9350004196167,8.949999809265137,8.899999618530273,8.907999992370605,143500
2026-03-25,8.90999984741211,8.95199966430664,8.90999984741211,8.9399995803833,66100
2026-03-26,8.930000305175781,8.930000305175781,8.90999984741211,8.914999961853027,137600
2026-03-27,8.899999618530273,8.930000305175781,8.885000228881836,8.90999984741211,156400
2026-03-30,8.960000038146973,8.960000038146973,8.899999618530273,8.930000305175781,144300
2026-03-31,8.979999542236328,8.979999542236328,8.940999984741211,8.96500015258789,151200
2026-04-01,9.0,9.0,8.949999809265137,8.960000038146973,70500
2026-04-02,8.960000038146973,8.979999542236328,8.9399995803833,8.979999542236328,168900
2026-04-06,8.979999542236328,8.989999771118164,8.9399995803833,8.975000381469727,126700
2026-04-07,8.970000267028809,9.0,8.970000267028809,8.979999542236328,173100
2026-04-08,9.010000228881836,9.069999694824219,8.989999771118164,9.020000457763672,118300
2026-04-09,8.979999542236328,9.03499984741211,8.979999542236328,9.03499984741211,65200
2026-04-10,9.029999732971191,9.029999732971191,9.010000228881836,9.015000343322754,86500
2026-04-13,9.010000228881836,9.029999732971191,9.010000228881836,9.020000457763672,37800
2026-04-14,9.069999694824219,9.069999694824219,9.020000457763672,9.020000457763672,129800
2026-04-15,9.01200008392334,9.039999961853027,9.010000228881836,9.015000343322754,266700
2026-04-16,9.010000228881836,9.0600004196167,9.010000228881836,9.020999908447266,140200
2026-04-17,9.039999961853027,9.0600004196167,9.039999961853027,9.0600004196167,140700
2026-04-20,9.0600004196167,9.079999923706055,9.050000190734863,9.0649995803833,48000
2026-04-21,9.100000381469727,9.100000381469727,9.045000076293945,9.055000305175781,84700
2026-04-22,9.074999809265137,9.079999923706055,9.050000190734863,9.060999870300293,79800
2026-04-23,9.069999694824219,9.100000381469727,9.050000190734863,9.052000045776367,100000
2026-04-24,9.100000381469727,9.100000381469727,9.0600004196167,9.079999923706055,47700
2026-04-27,9.0600004196167,9.09000015258789,9.050000190734863,9.0600004196167,1276300
2026-04-28,9.050000190734863,9.0600004196167,9.050000190734863,9.055000305175781,460100
2026-04-29,9.039999961853027,9.050000190734863,9.029999732971191,9.03499984741211,36100
2026-04-30,9.069999694824219,9.069999694824219,9.039999961853027,9.050000190734863,455100
2026-05-01,9.010000228881836,9.039999961853027,9.010000228881836,9.015000343322754,85900
2026-05-04,9.020000457763672,9.020000457763672,9.0,9.020000457763672,118000
2026-05-05,9.029999732971191,9.029999732971191,8.989999771118164,9.0,92900
2026-05-06,9.050000190734863,9.050000190734863,9.029999732971191,9.03499984741211,120800
2026-05-07,9.010000228881836,9.050000190734863,9.010000228881836,9.03499984741211,262500
2026-05-08,9.069999694824219,9.069999694824219,9.020000457763672,9.045000076293945,115900
2026-05-11,9.010000228881836,9.050000190734863,9.010000228881836,9.045000076293945,145700
2026-05-12,9.050000190734863,9.050000190734863,9.010000228881836,9.020000457763672,218600
2026-05-13,8.989999771118164,9.029999732971191,8.989999771118164,9.015000343322754,47000
2026-05-14,9.050000190734863,9.050000190734863,9.0,9.022000312805176,156500
2026-05-15,8.989999771118164,8.989999771118164,8.960000038146973,8.989999771118164,132600
2026-05-18,8.970000267028809,8.994999885559082,8.960000038146973,8.987000465393066,69400
2026-05-19,8.960000038146973,8.965999603271484,8.9350004196167,8.935999870300293,55400
2026-05-20,8.960000038146973,8.989999771118164,8.9399995803833,8.961000442504883,89000
2026-05-21,8.970000267028809,8.970000267028809,8.949999809265137,8.960000038146973,50100
2026-05-22,9.029999732971191,9.029999732971191,8.960000038146973,8.979999542236328,80500
2026-05-26,9.020000457763672,9.029999732971191,9.010000228881836,9.010000228881836,252600
2026-05-27,9.020000457763672,9.039999961853027,9.010000228881836,9.029999732971191,51600
2026-05-28,9.03499984741211,9.0600004196167,9.029999732971191,9.039999961853027,154300
2026-05-29,9.079999923706055,9.079999923706055,9.0600004196167,9.069999694824219,215000
2026-06-01,9.010000228881836,9.0600004196167,9.010000228881836,9.03499984741211,222600
2026-06-02,9.079999923706055,9.079999923706055,9.050000190734863,9.069999694824219,38900
2026-06-03,9.069999694824219,9.069999694824219,9.045000076293945,9.0649995803833,105400
2026-06-04,9.09000015258789,9.09000015258789,9.029999732971191,9.069999694824219,109600
2026-06-05,9.0600004196167,9.0600004196167,9.039999961853027,9.0600004196167,50100
2026-06-08,9.029999732971191,9.069999694824219,9.029999732971191,9.0600004196167,95000
2026-06-09,9.069999694824219,9.079999923706055,9.050000190734863,9.069999694824219,170400
2026-06-10,9.069999694824219,9.069999694824219,9.039999961853027,9.0600004196167,66000
2026-06-11,9.0600004196167,9.079999923706055,9.039999961853027,9.069999694824219,97800
2026-06-12,9.039999961853027,9.069999694824219,9.039999961853027,9.0600004196167,57800
2026-06-15,9.039999961853027,9.079999923706055,9.039999961853027,9.069999694824219,66800
2026-06-16,9.050000190734863,9.09000015258789,9.050000190734863,9.079999923706055,214700
2026-06-17,9.09000015258789,9.09000015258789,9.050000190734863,9.069999694824219,46300
2026-06-18,9.08899974822998,9.09000015258789,9.069999694824219,9.085000038146973,17200
2026-06-22,9.079999923706055,9.100000381469727,9.079999923706055,9.085000038146973,65100
2026-06-23,9.09000015258789,9.119999885559082,9.069999694824219,9.085000038146973,64700
2026-06-24,9.069999694824219,9.109999656677246,9.069999694824219,9.100000381469727,96300
2026-06-25,9.079999923706055,9.119999885559082,9.079999923706055,9.09000015258789,36800
2026-06-26,9.114999771118164,9.119999885559082,9.100000381469727,9.104999542236328,64700
2026-06-29,9.09000015258789,9.140000343322754,9.09000015258789,9.119999885559082,28900
2026-06-30,9.15999984741211,9.15999984741211,9.119999885559082,9.125,101700
2026-07-01,9.100000381469727,9.104999542236328,9.069999694824219,9.100000381469727,123600
2026-07-02,9.069999694824219,9.109999656677246,9.069999694824219,9.109999656677246,52100
2026-07-06,9.069999694824219,9.119999885559082,9.069999694824219,9.100000381469727,72700
2026-07-07,9.109999656677246,9.109999656677246,9.079999923706055,9.100000381469727,69300
2026-07-08,9.069999694824219,9.100000381469727,9.029999732971191,9.074999809265137,195500
2026-07-09,9.050000190734863,9.079999923706055,9.050000190734863,9.069999694824219,184700
2026-07-10,9.039999961853027,9.074999809265137,9.039999961853027,9.074999809265137,153100
2026-07-13,9.09000015258789,9.09000015258789,9.050000190734863,9.069999694824219,55000
2026-07-14,9.069999694824219,9.079999923706055,9.0600004196167,9.069999694824219,281500
2026-07-15,9.0600004196167,9.0649995803833,9.050000190734863,9.055000305175781,64200
2026-07-16,9.039999961853027,9.050000190734863,9.029999732971191,9.045000076293945,21600
2026-07-17,9.029999732971191,9.039999961853027,9.020000457763672,9.039999961853027,85300
2026-07-20,9.079999923706055,9.079999923706055,9.020000457763672,9.022000312805176,58900
2026-07-21,9.024999618530273,9.024999618530273,9.0,9.020000457763672,140900
2026-07-22,9.0,9.0,8.960000038146973,8.972000122070312,289600
2026-07-23,8.979999542236328,8.979999542236328,8.899999618530273,8.930000305175781,326300
2026-07-24,8.930000305175781,8.970000267028809,8.925000190734863,8.949999809265137,64700
2026-07-27,9.020000457763672,9.020000457763672,8.949999809265137,8.960000038146973,99000
2026-07-28,8.949999809265137,8.979999542236328,8.949999809265137,8.975000381469727,87100
2026-07-29,8.960000038146973,8.979999542236328,8.960000038146973,8.960000038146973,76600
2026-07-30,8.960000038146973,8.960000038146973,8.920000076293945,8.960000038146973,52800
2026-07-31,8.979999542236328,8.979999542236328,8.899999618530273,8.9399995803833,369300
2026-08-03,8.90999984741211,8.920000076293945,8.899999618530273,8.899999618530273,119500
2026-08-04,8.949999809265137,8.949999809265137,8.920000076293945,8.932000160217285,72700
2026-08-05,8.960000038146973,8.989999771118164,8.930000305175781,8.949999809265137,106300
2026-08-06,8.949999809265137,8.954999923706055,8.90999984741211,8.9399995803833,244200
2026-08-07,8.949999809265137,8.989999771118164,8.930000305175781,8.958000183105469,109200
2026-08-10,8.970000267028809,8.979999542236328,8.949999809265137,8.95199966430664,57200
2026-08-11,8.979999542236328,8.979999542236328,8.949999809265137,8.970000267028809,87700
2026-08-12,8.970000267028809,8.989999771118164,8.960000038146973,8.970000267028809,79000
2026-08-13,9.0,9.0,8.970000267028809,8.989999771118164,82300
2026-08-14,8.979999542236328,8.989999771118164,8.949999809265137,8.960000038146973,53500
2026-08-17,8.920000076293945,8.970000267028809,8.920000076293945,8.920000076293945,114600
2026-08-18,8.930000305175781,8.930000305175781,8.895000457763672,8.899999618530273,167500
2026-08-19,8.899999618530273,8.9399995803833,8.899999618530273,8.930000305175781,186300
2026-08-20,8.920000076293945,8.930000305175781,8.90999984741211,8.920000076293945,138600
2026-08-21,8.9399995803833,8.9399995803833,8.899999618530273,8.90999984741211,94700
2026-08-24,8.90999984741211,8.920000076293945,8.899999618530273,8.914999961853027,418600
2026-08-25,8.949999809265137,8.949999809265137,8.90999984741211,8.930000305175781,349400
2026-08-26,8.899999618530273,8.9399995803833,8.899999618530273,8.904999732971191,62800
2026-08-27,8.930000305175781,8.930000305175781,8.880000114440918,8.899999618530273,368700
2026-08-28,8.880000114440918,8.907999992370605,8.880000114440918,8.880000114440918,121200
2026-08-31,8.880000114440918,8.890000343322754,8.864999771118164,8.890000343322754,104200
2026-09-01,8.850000381469727,8.850000381469727,8.805000305175781,8.8100004196167,298500
2026-09-02,8.847000122070312,8.847000122070312,8.800000190734863,8.800000190734863,48500
2026-09-03,8.859999656677246,8.859999656677246,8.770000457763672,8.770000457763672,129400
2026-09-04,8.819999694824219,8.819999694824219,8.779999732971191,8.789999961853027,151400
2026-09-08,8.800000190734863,8.8100004196167,8.779999732971191,8.8100004196167,77400
2026-09-09,8.800000190734863,8.800000190734863,8.729999542236328,8.763999938964844,220400
2026-09-10,8.729999542236328,8.729999542236328,8.65999984741211,8.682000160217285,187200
2026-09-11,8.699000358581543,8.729999542236328,8.6899995803833,8.729999542236328,691200
2026-09-14,8.699999809265137,8.720000267028809,8.699999809265137,8.704999923706055,361400
2026-09-15,8.699999809265137,8.710000038146973,8.670000076293945,8.6899995803833,276400
2026-09-16,8.6899995803833,8.720000267028809,8.670000076293945,8.6899995803833,492600
2026-09-17,8.720000267028809,8.720000267028809,8.6899995803833,8.699999809265137,239000
2026-09-18,8.699999809265137,8.710000038146973,8.680000305175781,8.710000038146973,183400
2026-09-21,8.710000038146973,8.710000038146973,8.6899995803833,8.699999809265137,197000
2026-09-22,8.6899995803833,8.710000038146973,8.680000305175781,8.680000305175781,277100
2026-09-23,8.670000076293945,8.6899995803833,8.600000381469727,8.619999885559082,131700
2026-09-24,8.619999885559082,8.619999885559082,8.5649995803833,8.600000381469727,120900
2026-09-25,8.600000381469727,8.600000381469727,8.550000190734863,8.5600004196167,225800
2026-09-28,8.520000457763672,8.520000457763672,8.449999809265137,8.479999542236328,1340200
2026-09-29,8.460000038146973,8.479999542236328,8.420000076293945,8.4399995803833,981500
2026-09-30,8.5,8.5600004196167,8.5,8.520000457763672,276100
2026-10-01,8.529999732971191,8.572999954223633,8.520000457763672,8.520000457763672,863800
2026-10-02,8.5600004196167,8.600000381469727,8.510000228881836,8.510000228881836,695700
2026-10-05,8.524999618530273,8.550000190734863,8.489999771118164,8.539999961853027,617200
2026-10-06,8.569999694824219,8.569999694824219,8.489999771118164,8.510000228881836,444000
2026-10-07,8.399999618530273,8.475000381469727,8.4399995803833,8.470000267028809,49594
