date,ftma_close,vmatx_close
2025-11-11,9.055000305175781,10.180000305175781
2025-11-12,9.020000457763672,10.170000076293945
2025-11-13,9.015000343322754,10.15999984741211
2025-11-14,8.989999771118164,10.15999984741211
2025-11-17,9.024999618530273,10.15999984741211
2025-11-18,9.0,10.15999984741211
2025-11-19,9.0,10.15999984741211
2025-11-20,9.0,10.15999984741211
2025-11-21,9.010000228881836,10.15999984741211
2025-11-24,9.003999710083008,10.15999984741211
2025-11-25,9.029999732971191,10.15999984741211
2025-11-26,9.0600004196167,10.15999984741211
2025-11-28,9.029999732971191,10.15999984741211
2025-12-01,9.010000228881836,10.140000343322754
2025-12-02,9.010000228881836,10.130000114440918
2025-12-03,8.970000267028809,10.130000114440918
2025-12-04,8.984999656677246,10.119999885559082
2025-12-05,8.98799991607666,10.119999885559082
2025-12-08,9.0,10.109999656677246
2025-12-09,8.989999771118164,10.109999656677246
2025-12-10,8.991999626159668,10.109999656677246
2025-12-11,9.0,10.119999885559082
2025-12-12,8.979999542236328,10.109999656677246
2025-12-15,9.0,10.119999885559082
2025-12-16,8.994999885559082,10.130000114440918
2025-12-17,8.994999885559082,10.119999885559082
2025-12-18,9.010000228881836,10.130000114440918
2025-12-19,8.960000038146973,10.130000114440918
2025-12-22,8.960000038146973,10.130000114440918
2025-12-23,8.979999542236328,10.130000114440918
2025-12-24,8.989999771118164,10.130000114440918
2025-12-26,9.005000114440918,10.130000114440918
2025-12-29,9.0,10.140000343322754
2025-12-30,9.0,10.140000343322754
2025-12-31,9.010000228881836,10.140000343322754
2026-01-02,9.01200008392334,10.149999618530273
2026-01-05,9.029999732971191,10.15999984741211
2026-01-06,9.024999618530273,10.170000076293945
2026-01-07,9.039999961853027,10.199999809265137
2026-01-08,9.039999961853027,10.199999809265137
2026-01-09,9.039999961853027,10.199999809265137
2026-01-12,9.029999732971191,10.199999809265137
2026-01-13,9.029999732971191,10.1899995803833
2026-01-14,9.055000305175781,10.199999809265137
2026-01-15,9.050000190734863,10.199999809265137
2026-01-16,9.050000190734863,10.210000038146973
2026-01-20,9.0,10.15999984741211
2026-01-21,9.029999732971191,10.15999984741211
2026-01-22,9.039999961853027,10.15999984741211
2026-01-23,9.029999732971191,10.170000076293945
2026-01-26,9.039999961853027,10.170000076293945
2026-01-27,9.039999961853027,10.170000076293945
2026-01-28,9.039999961853027,10.170000076293945
2026-01-29,9.039999961853027,10.170000076293945
2026-01-30,9.039999961853027,10.180000305175781
2026-02-02,9.029999732971191,10.1899995803833
2026-02-03,9.039999961853027,10.1899995803833
2026-02-04,9.050000190734863,10.199999809265137
2026-02-05,9.0600004196167,10.220000267028809
2026-02-06,9.045000076293945,10.220000267028809
2026-02-09,9.0600004196167,10.220000267028809
2026-02-10,9.0649995803833,10.229999542236328
2026-02-11,9.050000190734863,10.220000267028809
2026-02-12,9.069999694824219,10.239999771118164
2026-02-13,9.069999694824219,10.25
2026-02-17,9.079999923706055,10.260000228881836
2026-02-18,9.09000015258789,10.260000228881836
2026-02-19,9.079999923706055,10.260000228881836
2026-02-20,9.100000381469727,10.260000228881836
2026-02-23,9.095000267028809,10.279999732971191
2026-02-24,9.109999656677246,10.279999732971191
2026-02-25,9.095000267028809,10.289999961853027
2026-02-26,9.140000343322754,10.300000190734863
2026-02-27,9.130000114440918,10.3100004196167
2026-03-02,9.098999977111816,10.279999732971191
2026-03-03,9.0649995803833,10.210000038146973
2026-03-04,9.0600004196167,10.210000038146973
2026-03-05,9.0600004196167,10.210000038146973
2026-03-06,9.03499984741211,10.199999809265137
2026-03-09,9.0600004196167,10.180000305175781
2026-03-10,9.031000137329102,10.180000305175781
2026-03-11,9.029999732971191,10.149999618530273
2026-03-12,9.0,10.109999656677246
2026-03-13,9.020000457763672,10.130000114440918
2026-03-16,9.050000190734863,10.140000343322754
2026-03-17,9.029999732971191,10.149999618530273
2026-03-18,9.029999732971191,10.149999618530273
2026-03-19,8.979999542236328,10.119999885559082
2026-03-20,8.930000305175781,10.039999961853027
2026-03-23,8.949999809265137,10.039999961853027
2026-03-24,8.907999992370605,9.979999542236328
2026-03-25,8.9399995803833,9.989999771118164
2026-03-26,8.914999961853027,9.979999542236328
2026-03-27,8.90999984741211,9.970000267028809
2026-03-30,8.930000305175781,9.989999771118164
2026-03-31,8.96500015258789,10.029999732971191
2026-04-01,8.960000038146973,10.0600004196167
2026-04-02,8.979999542236328,10.069999694824219
2026-04-06,8.975000381469727,10.069999694824219
2026-04-07,8.979999542236328,10.079999923706055
2026-04-08,9.020000457763672,10.140000343322754
2026-04-09,9.03499984741211,10.140000343322754
2026-04-10,9.015000343322754,10.140000343322754
2026-04-13,9.020000457763672,10.149999618530273
2026-04-14,9.020000457763672,10.149999618530273
2026-04-15,9.015000343322754,10.130000114440918
2026-04-16,9.020999908447266,10.140000343322754
2026-04-17,9.0600004196167,10.15999984741211
2026-04-20,9.0649995803833,10.170000076293945
2026-04-21,9.055000305175781,10.15999984741211
2026-04-22,9.060999870300293,10.170000076293945
2026-04-23,9.052000045776367,10.15999984741211
2026-04-24,9.079999923706055,10.15999984741211
2026-04-27,9.0600004196167,10.15999984741211
2026-04-28,9.055000305175781,10.140000343322754
2026-04-29,9.03499984741211,10.119999885559082
2026-04-30,9.050000190734863,10.119999885559082
2026-05-01,9.015000343322754,10.119999885559082
2026-05-04,9.020000457763672,10.109999656677246
2026-05-05,9.0,10.119999885559082
2026-05-06,9.03499984741211,10.140000343322754
2026-05-07,9.03499984741211,10.140000343322754
2026-05-08,9.045000076293945,10.140000343322754
2026-05-11,9.045000076293945,10.140000343322754
2026-05-12,9.020000457763672,10.109999656677246
2026-05-13,9.015000343322754,10.100000381469727
2026-05-14,9.022000312805176,10.100000381469727
2026-05-15,8.989999771118164,10.039999961853027
2026-05-18,8.987000465393066,10.039999961853027
2026-05-19,8.935999870300293,10.0
2026-05-20,8.961000442504883,10.020000457763672
2026-05-21,8.960000038146973,10.020000457763672
2026-05-22,8.979999542236328,10.029999732971191
2026-05-26,9.010000228881836,10.079999923706055
2026-05-27,9.029999732971191,10.109999656677246
2026-05-28,9.039999961853027,10.130000114440918
2026-05-29,9.069999694824219,10.149999618530273
2026-06-01,9.03499984741211,10.149999618530273
2026-06-02,9.069999694824219,10.170000076293945
2026-06-03,9.0649995803833,10.170000076293945
2026-06-04,9.069999694824219,10.170000076293945
2026-06-05,9.0600004196167,10.15999984741211
2026-06-08,9.0600004196167,10.15999984741211
2026-06-09,9.069999694824219,10.170000076293945
2026-06-10,9.0600004196167,10.149999618530273
2026-06-11,9.069999694824219,10.149999618530273
2026-06-12,9.0600004196167,10.149999618530273
2026-06-15,9.069999694824219,10.15999984741211
2026-06-16,9.079999923706055,10.170000076293945
2026-06-17,9.069999694824219,10.180000305175781
2026-06-18,9.085000038146973,10.180000305175781
2026-06-22,9.085000038146973,10.180000305175781
2026-06-23,9.085000038146973,10.170000076293945
2026-06-24,9.100000381469727,10.1899995803833
2026-06-25,9.09000015258789,10.199999809265137
2026-06-26,9.104999542236328,10.210000038146973
2026-06-29,9.119999885559082,10.220000267028809
2026-06-30,9.125,10.220000267028809
2026-07-01,9.100000381469727,10.210000038146973
2026-07-02,9.109999656677246,10.220000267028809
2026-07-06,9.100000381469727,10.220000267028809
2026-07-07,9.100000381469727,10.210000038146973
2026-07-08,9.074999809265137,10.170000076293945
2026-07-09,9.069999694824219,10.170000076293945
2026-07-10,9.074999809265137,10.15999984741211
2026-07-13,9.069999694824219,10.149999618530273
2026-07-14,9.069999694824219,10.149999618530273
2026-07-15,9.055000305175781,10.149999618530273
2026-07-16,9.045000076293945,10.109999656677246
2026-07-17,9.039999961853027,10.109999656677246
2026-07-20,9.022000312805176,10.100000381469727
2026-07-21,9.020000457763672,10.069999694824219
2026-07-22,8.972000122070312,10.039999961853027
2026-07-23,8.930000305175781,9.970000267028809
2026-07-24,8.949999809265137,9.979999542236328
2026-07-27,8.960000038146973,10.0
2026-07-28,8.975000381469727,10.020000457763672
2026-07-29,8.960000038146973,10.010000228881836
2026-07-30,8.960000038146973,9.979999542236328
2026-07-31,8.9399995803833,9.970000267028809
2026-08-03,8.899999618530273,9.970000267028809
2026-08-04,8.932000160217285,10.0
2026-08-05,8.949999809265137,10.010000228881836
2026-08-06,8.9399995803833,10.010000228881836
2026-08-07,8.958000183105469,10.029999732971191
2026-08-10,8.95199966430664,10.029999732971191
2026-08-11,8.970000267028809,10.029999732971191
2026-08-12,8.970000267028809,10.029999732971191
2026-08-13,8.989999771118164,10.050000190734863
2026-08-14,8.960000038146973,10.020000457763672
2026-08-17,8.920000076293945,9.989999771118164
2026-08-18,8.899999618530273,9.949999809265137
2026-08-19,8.930000305175781,9.979999542236328
2026-08-20,8.920000076293945,9.960000038146973
2026-08-21,8.90999984741211,9.949999809265137
2026-08-24,8.914999961853027,9.949999809265137
2026-08-25,8.930000305175781,9.949999809265137
2026-08-26,8.904999732971191,9.9399995803833
2026-08-27,8.899999618530273,9.930000305175781
2026-08-28,8.880000114440918,9.920000076293945
2026-08-31,8.890000343322754,9.899999618530273
2026-09-01,8.8100004196167,9.850000381469727
2026-09-02,8.800000190734863,9.84000015258789
2026-09-03,8.770000457763672,9.84000015258789
2026-09-04,8.789999961853027,9.829999923706055
2026-09-08,8.8100004196167,9.829999923706055
2026-09-09,8.763999938964844,9.779999732971191
2026-09-10,8.682000160217285,9.6899995803833
2026-09-11,8.729999542236328,9.710000038146973
2026-09-14,8.704999923706055,9.710000038146973
2026-09-15,8.6899995803833,9.680000305175781
2026-09-16,8.6899995803833,9.670000076293945
2026-09-17,8.699999809265137,9.699999809265137
2026-09-18,8.710000038146973,9.680000305175781
2026-09-21,8.699999809265137,9.670000076293945
2026-09-22,8.680000305175781,9.670000076293945
2026-09-23,8.619999885559082,9.579999923706055
2026-09-24,8.600000381469727,9.529999732971191
2026-09-25,8.5600004196167,9.489999771118164
2026-09-28,8.479999542236328,9.380000114440918
2026-09-29,8.4399995803833,9.359999656677246
2026-09-30,8.520000457763672,9.4399995803833
2026-10-01,8.520000457763672,9.510000228881836
2026-10-02,8.510000228881836,9.5
2026-10-05,8.539999961853027,9.479999542236328
2026-10-06,8.510000228881836,9.460000038146973
2026-10-07,8.4350004196167,9.390000343322754
2026-10-08,8.449999809265137,9.390000343322754
