date,ticker,amount
2025-12-01,FTMA,0.015
2025-12-19,FTMA,0.034
2026-02-02,FTMA,0.024
2026-03-02,FTMA,0.025
2026-04-01,FTMA,0.027
2026-05-01,FTMA,0.027
2026-06-01,FTMA,0.027
2026-07-01,FTMA,0.027
2026-08-03,FTMA,0.031
2026-09-01,FTMA,0.026
2026-10-01,FTMA,0.027
2025-10-31,VMATX,0.031
2025-11-28,VMATX,0.031
2025-12-31,VMATX,0.031
2026-01-30,VMATX,0.03
2026-02-27,VMATX,0.031
2026-03-31,VMATX,0.031
2026-04-30,VMATX,0.031
2026-05-29,VMATX,0.031
2026-06-30,VMATX,0.032
2026-07-31,VMATX,0.032
2026-08-31,VMATX,0.031
